member_id,name,party,state,total_votes,yes_total,economy_budget,defense_security,health_safety,energy_environment,procedure_ethics,veterans_services
A000370,Adams,D,NC,1426,539,20.414201183431953,35.858585858585855,44.24778761061947,45.45454545454545,27.0,64.44444444444444
A000055,Aderholt,R,AL,1417,1044,72.70029673590504,80.3030303030303,71.81818181818181,42.42424242424242,84.12162162162163,74.46808510638297
A000371,Aguilar,D,CA,1438,546,18.75,35.714285714285715,42.10526315789473,45.5,28.524590163934427,66.66666666666666
A000379,Alford,R,MO,1437,1125,82.24852071005917,82.74111675126903,83.33333333333334,53.0,82.83828382838284,76.59574468085107
A000372,Allen,R,GA,1442,1125,80.71216617210682,82.0,78.94736842105263,56.71641791044776,83.60655737704919,73.46938775510205
A000376,Allred,D,TX,1166,472,19.871794871794872,39.884393063583815,51.89873417721519,45.83333333333333,29.87551867219917,88.46153846153845
A000369,Amodei,R,NV,1430,1039,69.46107784431138,79.69543147208121,69.91150442477876,40.79601990049751,83.77483443708608,77.08333333333334
A000377,Armstrong,R,ND,1120,811,68.52459016393443,82.35294117647058,60.75949367088608,51.59235668789809,83.33333333333334,90.9090909090909
A000375,Arrington,R,TX,1382,1086,81.59509202453987,83.24607329842932,80.7017543859649,57.868020304568525,85.01742160278745,74.46808510638297
A000148,Auchincloss,D,MA,1412,544,19.287833827893174,36.734693877551024,42.34234234234234,46.464646464646464,29.692832764505116,64.58333333333334
B001291,Babin,R,TX,1414,1134,86.01190476190477,85.12820512820512,82.30088495575221,57.286432160804026,84.33333333333334,75.55555555555556
B001298,Bacon,R,NE,1434,939,49.112426035502956,75.0,61.06194690265486,40.298507462686565,80.26315789473685,77.55102040816327
B001307,Baird,R,IN,1427,993,60.23738872403561,79.89949748743719,69.02654867256636,40.816326530612244,81.3953488372093,77.55102040816327
B001306,Balderson,R,OH,1449,1108,77.3529411764706,83.5,78.0701754385965,47.76119402985074,82.14285714285714,81.63265306122449
B001318,Balint,D,VT,1425,517,19.469026548672566,34.51776649746193,39.823008849557525,46.231155778894475,25.418060200668897,66.66666666666666
B001299,Banks,R,IN,1138,878,80.06644518272425,86.62790697674419,80.24691358024691,52.760736196319016,83.81742738589212,92.0
B001282,Barr,R,KY,1373,1045,75.15151515151514,80.31088082901555,72.04301075268818,57.360406091370564,82.53424657534246,79.16666666666666
B001300,Barragan,D,CA,1410,526,19.1044776119403,35.9375,42.34234234234234,45.45454545454545,26.779661016949152,68.08510638297872
B001314,Bean (FL),R,FL,1445,1148,88.23529411764706,81.90954773869346,81.41592920353983,58.5,83.33333333333334,81.63265306122449
B001281,Beatty,D,OH,1388,530,19.46107784431138,36.507936507936506,47.95918367346938,46.0,26.779661016949152,70.2127659574468
B000668,Bentz,R,OR,1444,1083,73.96449704142012,81.5,76.10619469026548,48.258706467661696,82.79220779220779,75.51020408163265
B001287,Bera,D,CA,1435,564,19.230769230769234,37.68844221105528,44.14414414414414,47.0,29.605263157894733,70.83333333333334
B001301,Bergman,R,MI,1426,1074,77.2189349112426,79.29292929292929,77.47747747747748,45.22613065326633,82.5503355704698,77.08333333333334
B001292,Beyer,D,VA,1411,516,18.373493975903614,34.69387755102041,40.909090909090914,45.95959595959596,26.101694915254235,66.66666666666666
B000740,Bice,R,OK,1444,1048,67.64705882352942,81.7258883248731,72.80701754385966,41.70854271356784,82.41042345276874,77.08333333333334
B001302,Biggs,R,AZ,1430,1032,83.77581120943954,74.37185929648241,69.44444444444444,55.10204081632652,80.65573770491802,68.75
B001257,Bilirakis,R,FL,1382,1069,78.40531561461795,83.41968911917098,80.53097345132744,54.314720812182735,83.33333333333334,74.46808510638297
B000490,Bishop (GA),D,GA,1432,572,19.1044776119403,38.38383838383838,47.74774774774775,48.24120603015075,29.836065573770494,67.3469387755102
B001311,Bishop (NC),R,NC,1096,832,85.81560283687944,82.11920529801324,74.68354430379746,52.976190476190474,82.83261802575107,84.61538461538461
B000574,Blumenauer,D,OR,1058,371,18.30985915492958,29.166666666666668,41.25,49.693251533742334,24.0,85.71428571428571
B001303,Blunt Rochester,D,DE,1145,435,17.79935275080906,36.04651162790697,48.78048780487805,53.57142857142857,28.01724137931034,88.46153846153845
B000825,Boebert,R,CO,1366,1057,87.00906344410876,78.94736842105263,75.67567567567568,56.92307692307692,83.27526132404182,81.81818181818183
B001278,Bonamici,D,OR,1383,470,19.411764705882355,36.18090452261307,40.707964601769916,25.694444444444443,25.573770491803277,67.3469387755102
B001295,Bost,R,IL,1437,1142,82.38805970149254,83.41708542713567,83.1858407079646,59.0,82.95081967213115,83.33333333333334
B001223,Bowman,D,NY,1021,343,16.535433070866144,27.34375,38.75,48.78048780487805,23.660714285714285,86.95652173913044
B001296,Boyle (PA),D,PA,1401,550,20.474777448071215,37.11340206185567,42.592592592592595,47.23618090452261,29.655172413793103,66.66666666666666
B001317,Brecheen,R,OK,1419,1056,85.25073746312685,79.05759162303664,69.02654867256636,57.6530612244898,83.44370860927152,70.2127659574468
B001313,Brown,D,OH,1445,543,19.526627218934912,37.0,42.10526315789473,46.26865671641791,25.901639344262296,67.3469387755102
B001285,Brownley,D,CA,1409,538,19.57831325301205,37.4331550802139,43.11926605504588,46.0,27.906976744186046,66.66666666666666
B001260,Buchanan,R,FL,1360,994,70.5521472392638,79.8941798941799,76.19047619047619,48.73096446700508,81.01694915254237,72.5
B001297,Buck,R,CO,742,495,70.67307692307693,75.0,60.9375,39.2,75.7396449704142,86.66666666666667
B001275,Bucshon,R,IN,1125,728,50.847457627118644,79.28994082840237,58.0246913580247,35.92814371257485,82.81938325991189,91.66666666666666
B001315,Budzinski,D,IL,1447,608,20.0,42.5,47.78761061946903,47.0,32.7922077922078,69.38775510204081
B001309,Burchett,R,TN,1435,1089,84.70588235294117,78.0,76.10619469026548,55.729166666666664,82.56578947368422,73.46938775510205
B001248,Burgess,R,TX,1150,895,82.14285714285714,85.46511627906976,75.0,50.90909090909091,85.83333333333333,88.0
B001316,Burlison,R,MO,1409,1065,86.10271903323263,79.14438502673798,72.80701754385966,56.99999999999999,84.53947368421053,77.08333333333334
B001224,Bush,D,MO,949,348,21.641791044776117,23.076923076923077,40.243902439024396,52.94117647058824,24.12280701754386,91.30434782608695
C000059,Calvert,R,CA,1445,981,53.84615384615385,78.89447236180904,64.91228070175438,39.5,81.75895765472313,77.55102040816327
C001039,Cammack,R,FL,1399,1118,85.80060422960725,85.4054054054054,80.18018018018019,57.99999999999999,86.00682593856655,83.33333333333334
C001134,Caraveo,D,CO,1146,507,21.824104234527688,41.42011834319527,55.55555555555556,54.21686746987952,36.92946058091287,86.95652173913044
C001112,Carbajal,D,CA,1442,564,19.469026548672566,38.0,45.614035087719294,46.766169154228855,29.31596091205212,67.3469387755102
C001097,Cardenas,D,CA,1135,410,17.532467532467532,33.90804597701149,42.68292682926829,51.89873417721519,26.382978723404253,88.0
C001126,Carey,R,OH,1443,1090,77.05882352941177,81.81818181818183,75.43859649122807,45.27363184079602,82.56578947368422,77.55102040816327
C001054,Carl,R,AL,1171,904,79.8076923076923,84.39306358381504,83.54430379746836,51.17647058823529,82.71604938271605,88.46153846153845
C001072,Carson,D,IN,1417,517,17.857142857142858,35.35353535353536,41.964285714285715,46.666666666666664,24.832214765100673,66.66666666666666
C001103,Carter (GA),R,GA,1423,1093,76.4179104477612,79.59183673469387,81.41592920353983,55.27638190954774,82.89473684210526,73.91304347826086
C001125,Carter (LA),D,LA,1420,534,18.991097922848667,36.734693877551024,43.36283185840708,45.5,26.845637583892618,66.66666666666666
C001051,Carter (TX),R,TX,1289,956,73.16017316017316,80.52631578947368,78.70370370370371,43.36734693877551,82.15488215488216,76.59574468085107
C001090,Cartwright,D,PA,1146,464,18.688524590163937,41.95402298850575,51.24999999999999,50.617283950617285,29.583333333333332,87.5
C001131,Casar,D,TX,1424,482,18.208955223880597,27.979274611398964,38.59649122807017,43.93939393939394,24.834437086092713,65.95744680851064
C001055,Case,D,HI,1436,565,19.642857142857142,38.88888888888889,47.368421052631575,43.21608040201005,30.363036303630363,67.3469387755102
C001117,Casten,D,IL,1434,533,18.87905604719764,35.175879396984925,42.857142857142854,44.16243654822335,27.0,67.3469387755102
C001066,Castor (FL),D,FL,1431,551,19.469026548672566,39.0,42.47787610619469,45.26315789473684,27.960526315789476,67.3469387755102
C001091,Castro (TX),D,TX,1307,485,19.55128205128205,32.795698924731184,42.857142857142854,53.987730061349694,26.00732600732601,63.63636363636363
C001135,Chavez-DeRemer,R,OR,1165,678,37.01298701298701,67.63005780346822,56.79012345679012,32.35294117647059,80.0,92.0
C001127,Cherfilus-McCormick,D,FL,1417,541,19.642857142857142,39.682539682539684,42.10526315789473,45.91836734693878,27.36156351791531,65.95744680851064
C001080,Chu,D,CA,1421,520,19.230769230769234,34.35897435897436,41.228070175438596,46.7005076142132,25.666666666666664,65.95744680851064
C001084,Cicilline,D,RI,215,123,66.66666666666666,76.92307692307693,52.94117647058824,76.82926829268293,22.58064516129032,62.5
C001133,Ciscomani,R,AZ,1408,939,49.850746268656714,78.35051546391753,63.888888888888886,40.909090909090914,81.9078947368421,76.59574468085107
C001101,Clark (MA),D,MA,1450,550,19.411764705882355,36.5,42.10526315789473,46.26865671641791,27.68729641693811,67.3469387755102
C001067,Clarke (NY),D,NY,1435,517,19.642857142857142,32.6530612244898,38.59649122807017,45.27363184079602,24.752475247524753,67.3469387755102
C001061,Cleaver,D,MO,1232,433,18.944099378881987,34.25414364640884,38.095238095238095,43.2,25.680933852140075,63.63636363636363
C001118,Cline,R,VA,1444,1139,86.98224852071006,84.0,76.31578947368422,57.2139303482587,84.69055374592834,79.16666666666666
C001115,Cloud,R,TX,1433,1103,85.7566765578635,80.90452261306532,69.0909090909091,56.28140703517588,85.24590163934425,81.63265306122449
C000537,Clyburn,D,SC,1436,537,19.047619047619047,34.67336683417086,41.964285714285715,45.27363184079602,27.722772277227726,66.66666666666666
C001116,Clyde,R,GA,1439,1066,81.12094395280236,74.74747474747475,70.53571428571429,56.060606060606055,84.03908794788273,69.38775510204081
C001068,Cohen,D,TN,1383,536,20.178041543026705,36.36363636363637,41.284403669724774,51.70454545454546,28.865979381443296,66.66666666666666
C001053,Cole,R,OK,1412,955,52.366863905325445,79.18781725888326,66.66666666666666,40.609137055837564,81.63265306122449,75.55555555555556
C001129,Collins,R,GA,1438,1131,87.83382789317507,82.0,76.99115044247787,55.55555555555556,85.29411764705883,79.16666666666666
C001108,Comer,R,KY,1422,1171,89.1891891891892,88.08290155440415,85.08771929824562,59.70149253731343,85.43046357615894,86.95652173913044
C001078,Connolly,D,VA,1227,474,20.52980132450331,35.19553072625698,45.97701149425287,50.609756097560975,26.353790613718413,82.75862068965517
C001110,Correa,D,CA,1382,557,19.27710843373494,37.56613756613756,46.49122807017544,54.761904761904766,30.201342281879196,67.3469387755102
C001059,Costa,D,CA,1358,560,19.5046439628483,40.83769633507853,45.370370370370374,43.36734693877551,35.92592592592593,66.66666666666666
C001069,Courtney,D,CT,1437,579,19.411764705882355,42.211055276381906,48.24561403508772,46.26865671641791,29.431438127090303,65.95744680851064
C001119,Craig,D,MN,1416,600,21.55688622754491,46.231155778894475,47.78761061946903,39.8989898989899,36.86006825938566,67.3469387755102
C001132,Crane,R,AZ,1438,1059,84.36578171091446,76.5,70.27027027027027,56.56565656565656,81.9078947368421,75.0
C001087,Crawford,R,AR,1426,1065,74.77744807121661,80.8080808080808,71.68141592920354,51.256281407035175,81.48148148148148,75.0
C001120,Crenshaw,R,TX,1301,948,64.88294314381271,79.8913043478261,75.70093457943925,49.72972972972973,82.78388278388277,72.72727272727273
C001130,Crockett,D,TX,1395,524,20.77922077922078,35.678391959798994,37.03703703703704,46.26865671641791,26.262626262626267,67.3469387755102
C001121,Crow,D,CO,1399,542,18.960244648318042,37.244897959183675,41.44144144144144,50.54945054945055,27.09030100334448,65.95744680851064
C001063,Cuellar,D,TX,1419,724,25.663716814159294,55.05050505050505,62.28070175438597,51.75879396984925,44.014084507042256,70.83333333333334
C001114,Curtis,R,UT,1116,781,67.58620689655173,81.17647058823529,66.66666666666666,41.566265060240966,80.60344827586206,86.36363636363636
D000632,D'Esposito,R,NY,1119,699,47.73519163763066,75.29411764705883,57.89473684210527,37.72455089820359,76.59574468085107,92.0
D000629,Davids (KS),D,KS,1447,595,19.705882352941178,42.0,48.24561403508772,46.5,30.718954248366014,67.3469387755102
D000626,Davidson,R,OH,1418,1091,84.02366863905326,78.89447236180904,75.0,55.670103092783506,84.71760797342192,82.97872340425532
D000096,Davis (IL),D,IL,1380,497,18.31831831831832,32.78688524590164,41.07142857142857,46.90721649484536,24.825174825174827,65.95744680851064
D000230,Davis (NC),D,NC,1408,711,24.85207100591716,53.535353535353536,63.1578947368421,48.5,44.04332129963899,75.55555555555556
D000594,De La Cruz,R,TX,1375,1051,76.73716012084593,81.12244897959184,68.86792452830188,54.18994413407822,82.88590604026845,80.0
D000631,Dean (PA),D,PA,1428,543,20.35928143712575,36.04060913705584,42.10526315789473,46.766169154228855,27.181208053691275,66.66666666666666
D000197,DeGette,D,CO,1435,533,20.353982300884958,37.37373737373738,39.473684210526315,45.77114427860697,26.072607260726073,68.08510638297872
D000216,DeLauro,D,CT,1431,545,18.694362017804153,36.68341708542713,45.614035087719294,45.68527918781726,28.947368421052634,68.08510638297872
D000617,DelBene,D,WA,1439,547,19.76401179941003,37.055837563451774,42.47787610619469,45.27363184079602,28.196721311475407,66.66666666666666
D000530,Deluzio,D,PA,1443,565,18.823529411764707,39.698492462311556,46.49122807017544,45.27363184079602,29.900332225913623,67.3469387755102
D000623,DeSaulnier,D,CA,1415,521,19.571865443425075,36.68341708542713,42.34234234234234,46.5,23.64864864864865,67.3469387755102
D000616,DesJarlais,R,TN,1367,1066,81.02409638554217,81.86813186813187,79.62962962962963,56.28140703517588,84.61538461538461,71.11111111111111
D000600,Diaz-Balart,R,FL,1353,916,55.01519756838906,77.77777777777779,62.616822429906534,38.62433862433862,83.39350180505414,73.33333333333333
D000624,Dingell,D,MI,1380,529,19.939577039274926,41.76470588235294,41.964285714285715,47.23618090452261,27.57475083056478,66.66666666666666
D000399,Doggett,D,TX,1407,520,19.46107784431138,36.12565445026178,39.285714285714285,45.45454545454545,27.45762711864407,65.95744680851064
D000032,Donalds,R,FL,1350,1062,84.58904109589042,83.15789473684211,77.14285714285715,58.288770053475936,85.52188552188552,80.85106382978722
D000633,Duarte,R,CA,1164,810,66.55844155844156,75.86206896551724,62.96296296296296,43.712574850299404,80.65843621399176,92.0
D000615,Duncan,R,SC,1153,920,86.97068403908796,86.62790697674419,81.48148148148148,52.94117647058824,86.86440677966102,80.76923076923077
D000628,Dunn (FL),R,FL,1387,1045,75.37993920972644,79.89690721649485,72.32142857142857,54.72636815920397,82.0945945945946,72.09302325581395
E000246,Edwards,R,NC,1424,974,57.18562874251497,77.88944723618091,63.39285714285714,40.10152284263959,82.78145695364239,74.46808510638297
E000071,Ellzey,R,TX,1441,1043,63.716814159292035,80.3030303030303,71.68141592920354,47.71573604060914,83.38762214983714,75.51020408163265
E000294,Emmer,R,MN,1445,1156,83.1858407079646,84.84848484848484,82.14285714285714,57.711442786069654,84.74025974025975,79.59183673469387
E000299,Escobar,D,TX,1396,520,18.991097922848667,35.751295336787564,46.464646464646464,47.12041884816754,24.829931972789115,67.3469387755102
E000215,Eshoo,D,CA,1160,442,16.828478964401295,34.68208092485549,46.25,52.662721893491124,28.512396694214875,88.0
E000297,Espaillat,D,NY,1435,542,18.91891891891892,35.678391959798994,43.859649122807014,46.26865671641791,27.81456953642384,67.3469387755102
E000298,Estes,R,KS,1433,1111,82.59587020648968,81.4070351758794,80.18018018018019,54.50000000000001,82.72425249169434,70.83333333333334
E000296,Evans,D,PA,1059,416,21.518987341772153,45.91836734693878,42.5,50.303030303030305,24.4,62.7906976744186
E000235,Ezell,R,MS,1405,1087,79.0273556231003,85.27918781725889,76.40449438202246,51.256281407035175,83.00653594771242,80.85106382978722
F000246,Fallon,R,TX,1417,1121,84.56973293768546,83.24873096446701,77.77777777777779,55.61497326203209,84.48844884488449,75.0
F000446,Feenstra,R,IA,1448,1098,76.17647058823529,79.89949748743719,78.0701754385965,51.243781094527364,81.43322475570032,79.59183673469387
F000465,Ferguson,R,GA,1118,839,75.9075907590759,81.92771084337349,79.74683544303798,46.20253164556962,82.12765957446808,91.66666666666666
F000475,Finstad,R,MN,1438,1137,83.38278931750742,84.26395939086294,77.67857142857143,56.71641791044776,83.82838283828383,81.63265306122449
F000470,Fischbach,R,MN,1440,1143,82.89085545722715,84.34343434343434,78.0701754385965,57.57575757575758,84.91803278688525,81.25
F000471,Fitzgerald,R,WI,1434,1147,84.95575221238938,85.27918781725889,78.94736842105263,56.99999999999999,84.91803278688525,83.6734693877551
F000466,Fitzpatrick,R,PA,1445,847,33.52941176470588,62.944162436548226,58.77192982456141,44.776119402985074,72.9641693811075,77.55102040816327
F000459,Fleischmann,R,TN,1449,1000,58.235294117647065,80.0,64.03508771929825,39.30348258706468,82.14285714285714,75.51020408163265
F000468,Fletcher,D,TX,1413,504,18.823529411764707,36.04060913705584,43.63636363636363,31.472081218274113,27.303754266211605,67.3469387755102
F000474,Flood,R,NE,1435,1017,61.67664670658682,80.5,68.75,42.28855721393035,83.22368421052632,78.72340425531915
F000454,Foster,D,IL,1437,555,19.642857142857142,37.5,42.47787610619469,47.2636815920398,28.289473684210524,66.66666666666666
F000477,Foushee,D,NC,1408,509,18.75,34.34343434343434,40.707964601769916,47.42268041237113,25.170068027210885,65.21739130434783
F000450,Foxx,R,NC,1441,1116,80.71216617210682,79.5,76.10619469026548,57.57575757575758,83.60655737704919,71.42857142857143
F000462,"Frankel, Lois",D,FL,1384,537,20.606060606060606,39.37823834196891,41.81818181818181,45.64102564102564,28.668941979522184,67.3469387755102
F000472,"Franklin, C. Scott",R,FL,1440,1134,81.65680473372781,83.6734693877551,77.19298245614034,57.99999999999999,84.36482084690554,75.51020408163265
F000476,Frost,D,FL,1438,502,18.34319526627219,30.456852791878177,39.473684210526315,44.27860696517413,25.163398692810457,66.66666666666666
F000478,Fry,R,SC,1443,1136,87.24035608308606,83.41708542713567,76.31578947368422,51.5,84.31372549019608,83.6734693877551
F000469,Fulcher,R,ID,1439,1126,84.70588235294117,81.63265306122449,77.87610619469027,56.71641791044776,85.29411764705883,79.16666666666666
G000578,Gaetz,R,FL,1042,772,82.55813953488372,82.05128205128204,72.36842105263158,55.483870967741936,78.47533632286996,81.81818181818183
G000579,Gallagher,R,WI,818,586,74.40758293838863,76.36363636363637,82.08955223880598,39.2,78.57142857142857,88.23529411764706
G000574,Gallego,D,AZ,977,437,20.066889632107024,52.54237288135594,52.4390243902439,62.328767123287676,35.05747126436782,87.5
G000559,Garamendi,D,CA,1275,490,19.934640522875817,40.25974025974026,40.56603773584906,51.724137931034484,28.01418439716312,65.21739130434783
G000597,Garbarino,R,NY,1365,889,47.15719063545151,75.13227513227513,62.83185840707964,38.265306122448976,78.91156462585033,78.72340425531915
G000586,Garcia (IL),D,IL,1334,416,17.50741839762611,28.723404255319153,36.0,24.475524475524477,25.34246575342466,66.66666666666666
G000587,Garcia (TX),D,TX,1408,518,18.397626112759642,35.678391959798994,39.823008849557525,49.45652173913043,25.938566552901023,65.21739130434783
G000061,"Garcia, Mike",R,CA,1142,787,63.141025641025635,79.65116279069767,62.0253164556962,40.243902439024396,83.1896551724138,91.66666666666666
G000598,"Garcia, Robert",D,CA,1374,500,20.06472491909385,32.12435233160622,39.81481481481482,44.72361809045226,26.73611111111111,65.95744680851064
G000593,Gimenez,R,FL,1393,992,63.40694006309149,79.89690721649485,68.46846846846847,45.12820512820513,81.27090301003345,74.46808510638297
G000592,Golden (ME),D,ME,1398,720,31.06508875739645,52.79187817258884,55.26315789473685,53.293413173652695,45.666666666666664,71.42857142857143
G000599,Goldman (NY),D,NY,1351,512,20.5607476635514,36.84210526315789,42.30769230769231,47.89473684210526,26.20689655172414,68.18181818181817
G000585,Gomez,D,CA,1375,493,18.31831831831832,34.715025906735754,38.31775700934579,45.68527918781726,25.622775800711743,65.21739130434783
G000594,"Gonzales, Tony",R,TX,1358,975,64.94464944649447,78.97435897435898,70.27027027027027,46.733668341708544,80.39867109634552,77.55102040816327
G000581,"Gonzalez, Vicente",D,TX,1396,648,24.69879518072289,46.8421052631579,57.798165137614674,50.520833333333336,36.544850498338874,74.46808510638297
G000595,Good (VA),R,VA,1154,857,85.71428571428571,80.7017543859649,69.73684210526315,50.29585798816568,81.74273858921161,73.07692307692307
G000589,Gooden (TX),R,TX,1430,1132,85.32934131736528,84.34343434343434,77.19298245614034,58.2089552238806,83.72093023255815,72.3404255319149
G000565,Gosar,R,AZ,1360,1028,86.80981595092024,76.68393782383419,71.96261682242991,55.61497326203209,83.50515463917526,73.46938775510205
G000583,Gottheimer,D,NJ,1301,549,21.604938271604937,42.391304347826086,53.93258426966292,47.31182795698925,32.967032967032964,65.9090909090909
G000377,Granger,R,TX,890,605,62.24066390041494,79.28571428571428,75.71428571428571,34.48275862068966,80.57142857142857,88.88888888888889
G000577,Graves (LA),R,LA,1158,832,74.42622950819671,78.94736842105263,75.30864197530865,40.828402366863905,76.34854771784232,92.0
G000546,Graves (MO),R,MO,1409,1067,80.53892215568862,80.72916666666666,78.94736842105263,49.25373134328358,77.51677852348993,78.72340425531915
G000590,Green (TN),R,TN,1256,979,84.70149253731343,79.44444444444444,79.56989247311827,56.59340659340659,83.3922261484099,86.48648648648648
G000553,Green (TX),D,TX,1410,516,19.526627218934912,36.734693877551024,38.18181818181819,45.95959595959596,25.838926174496645,68.08510638297872
G000596,Greene (GA),R,GA,1368,1031,83.33333333333334,76.84210526315789,76.63551401869158,57.6271186440678,80.90277777777779,87.2340425531915
G000568,Griffith,R,VA,1365,1009,72.94520547945206,77.88944723618091,73.58490566037736,50.0,82.94314381270902,77.55102040816327
G000551,Grijalva,D,AZ,720,230,13.725490196078432,25.0,32.25806451612903,58.19672131147541,23.25581395348837,80.0
G000576,Grothman,R,WI,1426,1110,82.73809523809523,79.27461139896373,82.14285714285714,58.79396984924623,82.17821782178217,75.51020408163265
G000591,Guest,R,MS,1431,1100,79.64601769911505,83.75634517766497,79.82456140350878,45.40816326530612,83.22368421052632,83.6734693877551
G000558,Guthrie,R,KY,1447,1078,70.50147492625368,79.5,76.99115044247787,48.756218905472636,83.06188925081433,77.55102040816327
H001096,Hageman,R,WY,1427,1127,87.24035608308606,80.3030303030303,80.53097345132744,56.70103092783505,86.88524590163934,79.59183673469387
H001090,Harder (CA),D,CA,1413,624,20.833333333333336,45.64102564102564,50.0,49.73821989528796,34.22818791946309,69.38775510204081
H001052,Harris,R,MD,1424,1060,80.78078078078079,76.76767676767676,69.02654867256636,56.060606060606055,86.33333333333333,57.446808510638306
H001086,Harshbarger,R,TN,1441,1141,87.6470588235294,84.42211055276381,81.57894736842105,56.71641791044776,84.0909090909091,78.72340425531915
H001081,Hayes,D,CT,1441,570,20.64896755162242,40.20100502512563,46.017699115044245,45.77114427860697,28.104575163398692,65.3061224489796
H001082,Hern,R,OK,1436,1160,86.94362017804154,85.85858585858585,78.0701754385965,60.5,85.19736842105263,83.6734693877551
H001077,Higgins (LA),R,LA,1381,1075,84.12698412698413,80.3030303030303,79.27927927927928,54.395604395604394,83.55704697986577,81.25
H001038,Higgins (NY),D,NY,705,257,15.92039800995025,33.734939759036145,36.84210526315789,60.50420168067227,27.27272727272727,83.33333333333334
H001072,Hill,R,AR,1435,1056,65.78171091445427,79.59183673469387,76.10619469026548,53.233830845771145,81.25,76.59574468085107
H001047,Himes,D,CT,1431,555,18.208955223880597,40.5,45.94594594594595,43.21608040201005,28.524590163934427,67.3469387755102
H001091,Hinson,R,IA,1440,1006,58.875739644970416,79.0,69.2982456140351,42.78606965174129,81.78807947019867,79.59183673469387
H001066,Horsford,D,NV,1413,587,20.0,40.816326530612244,48.24561403508772,47.20812182741117,32.068965517241374,69.38775510204081
H001093,Houchin,R,IN,1441,1147,83.1858407079646,84.42211055276381,78.0701754385965,57.78894472361809,84.26229508196721,83.6734693877551
H001085,Houlahan,D,PA,1405,583,21.036585365853657,41.02564102564102,49.107142857142854,48.5,31.058020477815703,67.3913043478261
H000874,Hoyer,D,MD,1360,503,20.606060606060606,36.08247422680412,42.857142857142854,36.809815950920246,29.10958904109589,63.04347826086957
H001094,Hoyle (OR),D,OR,1412,557,21.084337349397593,37.94871794871795,45.13274336283185,49.18918918918919,28.196721311475407,66.66666666666666
H001067,Hudson,R,NC,1400,1078,75.15527950310559,79.89949748743719,71.42857142857143,58.1151832460733,84.2809364548495,79.59183673469387
H001068,Huffman,D,CA,1396,506,18.862275449101794,34.61538461538461,40.707964601769916,45.12820512820513,26.262626262626267,65.95744680851064
H001058,Huizenga,R,MI,1428,1090,77.61194029850746,80.40201005025126,74.33628318584071,52.52525252525253,82.5503355704698,77.55102040816327
H001095,Hunt,R,TX,1183,970,83.80281690140845,86.36363636363636,78.94736842105263,77.47747747747748,84.50184501845018,78.57142857142857
I000056,Issa,R,CA,1412,1057,73.21428571428571,80.95238095238095,74.77477477477478,47.97979797979798,83.72881355932203,77.55102040816327
I000058,Ivey,D,MD,1430,539,20.058997050147493,35.858585858585855,41.228070175438596,45.17766497461929,27.09030100334448,67.3469387755102
J000309,Jackson (IL),D,IL,1405,508,18.397626112759642,32.64248704663213,39.823008849557525,44.5,26.31578947368421,67.3913043478261
J000308,Jackson (NC),D,NC,1154,474,18.241042345276874,40.229885057471265,53.65853658536586,50.90909090909091,30.45267489711934,88.0
J000304,Jackson (TX),R,TX,1392,1108,85.62691131498471,83.58974358974359,77.98165137614679,58.1151832460733,84.64163822525597,79.16666666666666
J000032,Jackson Lee,D,TX,628,252,25.0,32.038834951456316,41.30434782608695,68.4931506849315,27.011494252873565,78.57142857142857
J000305,Jacobs,D,CA,1418,522,18.991097922848667,34.67336683417086,41.5929203539823,46.93877551020408,26.936026936026934,66.66666666666666
J000307,James,R,MI,1395,954,54.92537313432836,79.79274611398964,66.36363636363637,40.79601990049751,82.66666666666667,75.55555555555556
J000298,Jayapal,D,WA,1377,471,17.664670658682635,32.94117647058823,37.96296296296296,44.221105527638194,23.050847457627118,67.3469387755102
J000294,Jeffries,D,NY,1443,548,19.230769230769234,37.0,42.98245614035088,45.27363184079602,28.052805280528055,67.3469387755102
J000288,Johnson (GA),D,GA,1402,493,18.29268292682927,34.51776649746193,38.05309734513274,44.776119402985074,23.549488054607508,63.829787234042556
J000299,Johnson (LA),R,LA,1008,803,86.66666666666667,85.02994011976048,71.42857142857143,50.0,86.05577689243027,87.09677419354838
J000292,Johnson (OH),R,OH,692,476,70.0,76.25,65.51724137931035,38.983050847457626,78.91566265060241,88.23529411764706
J000301,Johnson (SD),R,SD,1436,1110,76.03550295857988,81.21827411167513,76.99115044247787,59.20398009950249,83.22368421052632,74.46808510638297
J000289,Jordan,R,OH,1422,1150,88.28828828828829,83.75634517766497,82.30088495575221,59.2964824120603,86.66666666666667,82.97872340425532
J000295,Joyce (OH),R,OH,1345,887,48.322147651006716,77.71739130434783,62.5,39.285714285714285,79.72027972027972,79.16666666666666
J000302,Joyce (PA),R,PA,1449,1147,84.11764705882354,83.5,83.1858407079646,55.72139303482587,83.71335504885994,81.63265306122449
K000400,Kamlager-Dove,D,CA,1392,499,20.253164556962027,32.47422680412371,38.59649122807017,43.71859296482412,25.418060200668897,65.21739130434783
K000009,Kaptur,D,OH,1417,605,19.637462235649547,42.56410256410256,50.90909090909091,46.96969696969697,32.78145695364238,66.66666666666666
K000398,Kean (NJ),R,NJ,1442,917,42.772861356932154,75.37688442211056,61.06194690265486,37.81094527363184,79.34426229508198,77.55102040816327
K000375,Keating,D,MA,1407,542,19.26605504587156,35.8974358974359,46.017699115044245,45.22613065326633,29.47019867549669,65.95744680851064
K000385,Kelly (IL),D,IL,1395,520,19.345238095238095,35.35353535353536,42.98245614035088,48.08743169398907,26.923076923076923,65.95744680851064
K000388,Kelly (MS),R,MS,1448,1128,80.88235294117648,80.8080808080808,80.7017543859649,54.22885572139303,84.4155844155844,77.08333333333334
K000376,Kelly (PA),R,PA,1316,944,61.834319526627226,80.76923076923077,68.46846846846847,49.112426035502956,83.33333333333334,76.74418604651163
K000389,Khanna,D,CA,1433,542,18.58407079646018,37.055837563451774,42.98245614035088,46.5,29.605263157894733,66.66666666666666
K000399,Kiggans (VA),R,VA,1413,932,50.31055900621118,78.78787878787878,63.63636363636363,37.3134328358209,78.87788778877888,75.0
K000380,Kildee,D,MI,1134,458,19.093851132686083,37.64705882352941,52.5,55.08982035928144,29.646017699115045,95.65217391304348
K000401,Kiley,R,CA,1440,952,46.44970414201183,78.5,64.03508771929825,39.08629441624365,81.9078947368421,77.55102040816327
K000381,Kilmer,D,WA,1166,461,18.58974358974359,36.0,53.333333333333336,50.887573964497044,29.338842975206614,87.5
K000397,Kim (CA),R,CA,1433,944,47.774480712166174,79.08163265306123,64.28571428571429,36.81592039800995,81.3953488372093,77.55102040816327
K000394,Kim (NJ),D,NJ,1054,391,17.333333333333336,32.6797385620915,49.09090909090909,52.4390243902439,28.440366972477065,86.36363636363636
K000391,Krishnamoorthi,D,IL,1441,554,18.34319526627219,38.0,44.73684210526316,46.5,28.524590163934427,66.66666666666666
K000382,Kuster,D,NH,1114,442,17.5,36.25730994152047,47.94520547945205,51.78571428571429,29.957805907172997,88.46153846153845
K000392,Kustoff,R,TN,1416,1062,73.66863905325444,80.85106382978722,76.78571428571429,51.5,82.05980066445183,75.0
L000585,LaHood,R,IL,1382,1024,67.38461538461539,79.69543147208121,76.08695652173914,56.63265306122449,80.79470198675497,75.0
L000598,LaLota,R,NY,1426,950,53.31325301204819,76.26262626262627,63.96396396396396,39.0,79.53795379537954,75.0
L000578,LaMalfa,R,CA,1339,1076,84.0909090909091,86.17021276595744,81.08108108108108,58.06451612903226,85.36585365853658,76.08695652173914
L000564,Lamborn,R,CO,1148,891,82.84789644012946,78.48837209302324,83.33333333333334,55.952380952380956,82.77310924369748,88.46153846153845
L000601,Landsman,D,OH,1398,614,22.60061919504644,48.0,49.557522123893804,46.391752577319586,32.77027027027027,69.38775510204081
L000600,Langworthy,R,NY,1392,1071,80.18018018018019,82.4742268041237,73.21428571428571,48.97959183673469,84.48275862068965,75.55555555555556
L000560,Larsen (WA),D,WA,1381,537,21.885521885521886,37.055837563451774,42.857142857142854,47.0,27.242524916943523,66.66666666666666
L000557,Larson (CT),D,CT,1393,528,19.384615384615383,36.04060913705584,42.57425742574257,46.7005076142132,28.135593220338983,64.58333333333334
L000566,Latta,R,OH,1451,1094,76.47058823529412,80.0,75.43859649122807,47.2636815920398,82.79220779220779,79.59183673469387
L000266,LaTurner,R,KS,1148,817,64.90066225165563,80.92485549132948,76.5432098765432,39.63414634146341,82.08333333333333,92.3076923076923
L000599,Lawler,R,NY,1429,900,42.772861356932154,74.3455497382199,58.55855855855856,38.5,77.55775577557755,77.55102040816327
L000551,Lee (CA),D,CA,1118,382,16.612377850162865,27.485380116959064,41.02564102564102,53.37837837837838,23.47826086956522,95.45454545454545
L000597,Lee (FL),R,FL,1411,1040,67.17325227963525,82.9896907216495,72.97297297297297,52.0,81.78807947019867,79.16666666666666
L000590,Lee (NV),D,NV,1387,607,20.42042042042042,47.72727272727273,51.78571428571429,44.1025641025641,36.271186440677965,70.83333333333334
L000602,Lee (PA),D,PA,1451,481,17.647058823529413,27.500000000000004,36.84210526315789,43.28358208955223,23.376623376623375,69.38775510204081
L000273,Leger Fernandez,D,NM,1382,525,20.474777448071215,37.56345177664975,43.11926605504588,45.22613065326633,27.77777777777778,65.21739130434783
L000589,Lesko,R,AZ,1083,821,79.34782608695652,84.11764705882354,75.60975609756098,47.10144927536232,83.89830508474576,80.76923076923077
L000595,Letlow,R,LA,1414,1029,64.54545454545455,82.14285714285714,75.89285714285714,45.91836734693878,81.66666666666667,78.72340425531915
L000593,Levin,D,CA,1449,596,20.943952802359885,42.71356783919598,44.73684210526316,46.26865671641791,31.16883116883117,67.3469387755102
L000582,Lieu,D,CA,1395,535,20.238095238095237,37.967914438502675,40.54054054054054,46.666666666666664,28.91156462585034,65.21739130434783
L000397,Lofgren,D,CA,1395,517,19.642857142857142,34.065934065934066,43.36283185840708,46.231155778894475,26.73611111111111,62.22222222222222
L000583,Loudermilk,R,GA,1389,1083,82.58258258258259,80.61224489795919,78.57142857142857,56.994818652849744,83.50515463917526,71.73913043478261
L000491,Lucas,R,OK,1396,955,54.54545454545454,79.6875,66.3716814159292,40.909090909090914,82.0,74.46808510638297
L000569,Luetkemeyer,R,MO,1088,783,72.36842105263158,81.04575163398692,75.9493670886076,43.11377245508982,80.61674008810573,90.9090909090909
L000596,Luna,R,FL,1247,977,85.45454545454545,84.32432432432432,74.0,58.673469387755105,83.62369337979094,84.0909090909091
L000603,Luttrell,R,TX,1417,1117,83.97626112759644,83.16326530612244,77.67857142857143,54.314720812182735,85.76271186440678,79.59183673469387
L000562,Lynch,D,MA,1411,563,19.571865443425075,42.92929292929293,46.017699115044245,45.7286432160804,28.716216216216218,65.95744680851064
M000194,Mace,R,SC,1391,1018,66.5680473372781,80.31088082901555,64.60176991150442,56.99999999999999,83.95522388059702,82.97872340425532
M001223,Magaziner,D,RI,1329,503,17.62917933130699,38.17204301075269,42.30769230769231,46.1139896373057,27.536231884057973,62.7906976744186
M000317,Malliotakis,R,NY,1420,1051,74.6268656716418,79.59183673469387,68.42105263157895,44.38775510204081,82.50825082508251,77.08333333333334
M000871,Mann,R,KS,1446,1134,79.70588235294119,85.5,78.0701754385965,58.70646766169154,83.71335504885994,79.59183673469387
M001135,Manning,D,NC,1171,496,19.41747572815534,40.229885057471265,54.43037974683544,52.94117647058824,32.244897959183675,88.46153846153845
M001184,Massie,R,KY,1331,908,82.75862068965517,66.49484536082474,65.48672566371681,53.1578947368421,77.06093189964157,79.59183673469387
M001199,Mast,R,FL,1409,1079,81.437125748503,82.4742268041237,72.97297297297297,51.7948717948718,82.82828282828282,75.51020408163265
M001163,Matsui,D,CA,1420,549,20.689655172413794,38.0,41.5929203539823,46.231155778894475,26.578073089701,67.3469387755102
M001208,McBath,D,GA,1412,554,20.426829268292682,38.07106598984771,44.24778761061947,45.45454545454545,28.965517241379313,67.3469387755102
M001165,McCarthy,R,CA,369,245,62.71186440677966,81.08108108108108,50.0,38.297872340425535,82.22222222222221,83.33333333333334
M001157,McCaul,R,TX,1386,983,63.96396396396396,79.27461139896373,73.83177570093457,38.421052631578945,81.97278911564626,76.59574468085107
M001136,McClain,R,MI,1405,1095,83.63095238095238,80.82901554404145,77.06422018348624,49.494949494949495,83.72093023255815,78.26086956521739
M001177,McClintock,R,CA,1424,1077,81.03975535168195,76.0204081632653,72.80701754385966,56.99999999999999,83.33333333333334,72.91666666666666
M001143,McCollum,D,MN,1437,540,20.058997050147493,37.5,41.5929203539823,46.192893401015226,26.229508196721312,66.66666666666666
M001218,McCormick,R,GA,1430,1077,75.89285714285714,78.3068783068783,75.43859649122807,56.00000000000001,85.62091503267973,69.38775510204081
M001220,McGarvey,D,KY,1448,549,19.469026548672566,36.0,42.10526315789473,46.5,27.035830618892508,67.3469387755102
M000312,McGovern,D,MA,1427,511,18.507462686567163,31.818181818181817,41.07142857142857,47.23618090452261,25.986842105263158,66.66666666666666
M001156,McHenry,R,NC,968,720,76.75438596491229,80.26315789473685,82.89473684210526,43.05555555555556,80.59701492537313,91.30434782608695
M001137,Meeks,D,NY,1411,538,19.345238095238095,36.04060913705584,43.63636363636363,46.464646464646464,28.327645051194537,65.95744680851064
M001226,Menendez,D,NJ,1435,550,19.526627218934912,38.46153846153847,42.857142857142854,46.26865671641791,26.732673267326735,67.3469387755102
M001188,Meng,D,NY,1370,501,19.27710843373494,35.294117647058826,42.15686274509804,45.7286432160804,25.684931506849317,60.97560975609756
M001204,Meuser,R,PA,1390,1065,75.07598784194529,82.88770053475936,75.89285714285714,53.84615384615385,84.06779661016948,76.08695652173914
M000687,Mfume,D,MD,1393,518,19.637462235649547,36.64921465968586,39.44954128440367,46.63212435233161,26.936026936026934,63.63636363636363
M001211,Miller (IL),R,IL,1422,1100,83.28358208955224,82.4742268041237,76.31578947368422,56.71641791044776,84.15841584158416,79.59183673469387
M001222,Miller (OH),R,OH,1396,1044,70.05988023952095,81.31313131313132,71.05263157894737,53.25443786982249,82.82828282828282,77.55102040816327
M001205,Miller (WV),R,WV,1420,1135,85.84070796460178,85.42713567839196,78.57142857142857,58.79396984924623,83.05084745762711,75.0
M001215,Miller-Meeks,R,IA,1391,986,64.39628482972137,78.75647668393782,73.14814814814815,41.70854271356784,81.81818181818183,78.72340425531915
M001216,Mills,R,FL,1432,1129,86.22754491017965,82.5,76.10619469026548,60.19900497512438,83.82838283828383,79.59183673469387
M001221,Molinaro,R,NY,1138,730,51.973684210526315,73.96449704142012,67.5,37.03703703703704,77.08333333333334,92.3076923076923
M001194,Moolenaar,R,MI,1444,1086,75.07418397626114,83.41708542713567,75.43859649122807,44.27860696517413,84.0909090909091,74.46808510638297
M001195,Mooney,R,WV,1049,832,88.66666666666667,86.45161290322581,78.46153846153847,53.65853658536586,84.40366972477065,76.47058823529412
M001212,Moore (AL),R,AL,1435,1116,85.84070796460178,80.71065989847716,75.0,55.72139303482587,84.9673202614379,81.25
M001213,Moore (UT),R,UT,1433,1020,60.47197640117994,81.02564102564102,69.2982456140351,50.25380710659898,80.98360655737706,75.51020408163265
M001160,Moore (WI),D,WI,1361,482,17.737003058103976,33.33333333333333,37.27272727272727,46.44808743169399,24.475524475524477,65.95744680851064
M001224,Moran,R,TX,1438,1086,68.5459940652819,81.21827411167513,70.9090909090909,58.5,85.66775244299674,73.46938775510205
M001206,Morelle,D,NY,1411,569,20.689655172413794,40.4040404040404,45.535714285714285,45.68527918781726,29.372937293729372,66.66666666666666
M001217,Moskowitz,D,FL,1382,601,20.66869300911854,44.61538461538462,49.54128440366973,46.7005076142132,36.654804270462634,68.08510638297872
M001196,Moulton,D,MA,1412,542,18.75,35.07853403141361,41.81818181818181,46.766169154228855,29.76588628762542,66.66666666666666
M001214,Mrvan,D,IN,1422,596,20.474777448071215,43.386243386243386,48.67256637168141,47.474747474747474,30.92105263157895,67.3469387755102
M001225,Mullin,D,CA,1341,493,18.072289156626507,35.978835978835974,46.464646464646464,46.96969696969697,24.62121212121212,62.7906976744186
M001210,Murphy,R,NC,1283,969,73.11827956989248,82.58064516129032,72.22222222222221,57.07070707070707,81.91489361702128,75.0
N000002,Nadler,D,NY,1409,510,18.75,34.183673469387756,38.05309734513274,45.77114427860697,26.245847176079735,68.75
N000179,Napolitano,D,CA,1119,422,19.133574007220215,33.33333333333333,41.77215189873418,51.78571428571429,27.42616033755274,88.0
N000015,Neal,D,MA,1406,528,19.402985074626866,36.41025641025641,41.07142857142857,45.95959595959596,27.835051546391753,68.88888888888889
N000191,Neguse,D,CO,1448,561,20.64896755162242,37.5,43.859649122807014,46.766169154228855,27.68729641693811,66.66666666666666
N000026,Nehls,R,TX,1324,1058,88.0,82.65895953757226,74.54545454545455,59.04255319148937,86.08058608058609,83.33333333333334
N000189,Newhouse,R,WA,1383,946,55.81395348837209,79.48717948717949,61.60714285714286,37.755102040816325,82.89473684210526,76.08695652173914
N000194,Nickel,D,NC,1142,499,18.971061093247588,45.28301886792453,54.32098765432099,54.166666666666664,34.59915611814346,92.0
N000188,Norcross,D,NJ,1302,517,20.521172638436482,40.43715846994536,41.17647058823529,46.8421052631579,29.856115107913666,63.41463414634146
N000190,Norman,R,SC,1411,1054,83.28358208955224,79.48717948717949,68.80733944954129,57.868020304568525,84.35374149659864,63.829787234042556
N000193,Nunn (IA),R,IA,1400,970,58.30815709969789,80.9278350515464,64.81481481481481,44.221105527638194,80.20833333333334,76.08695652173914
O000019,Obernolte,R,CA,1435,972,54.437869822485204,77.88944723618091,63.1578947368421,41.7910447761194,81.45695364238411,77.08333333333334
O000172,Ocasio-Cortez,D,NY,1410,466,17.964071856287426,26.94300518134715,37.5,42.5,22.772277227722775,67.3469387755102
O000175,Ogles,R,TN,1393,1077,85.8433734939759,79.8941798941799,75.47169811320755,58.79396984924623,83.61204013377926,76.08695652173914
O000173,Omar,D,MN,1421,478,18.154761904761905,25.888324873096447,40.0,42.5,26.262626262626267,68.75
O000086,Owens,R,UT,1439,1085,74.04129793510324,80.5,71.9298245614035,51.741293532338304,84.0531561461794,78.72340425531915
P000034,Pallone,D,NJ,1448,561,19.82248520710059,38.69346733668342,42.10526315789473,46.766169154228855,28.246753246753247,67.3469387755102
P000609,Palmer,R,AL,1426,1122,82.30088495575221,82.05128205128204,78.94736842105263,55.00000000000001,85.61643835616438,79.59183673469387
P000613,Panetta,D,CA,1446,613,20.943952802359885,43.0,49.122807017543856,48.258706467661696,32.02614379084967,69.38775510204081
P000614,Pappas,D,NH,1442,638,21.597633136094675,46.5,49.122807017543856,46.26865671641791,35.430463576158935,69.38775510204081
P000096,Pascrell,D,NJ,1003,377,17.343173431734318,32.62411347517731,42.465753424657535,58.27338129496403,27.981651376146786,86.36363636363636
P000604,Payne,D,NJ,742,282,17.307692307692307,35.1063829787234,37.878787878787875,59.199999999999996,27.397260273972602,83.33333333333334
P000197,Pelosi,D,CA,1294,480,18.61198738170347,36.12565445026178,50.602409638554214,47.02702702702703,26.881720430107524,58.333333333333336
P000619,Peltola,D,AK,949,467,26.984126984126984,54.761904761904766,51.28205128205128,46.62576687116564,38.15789473684211,82.6086956521739
P000615,Pence,R,IN,1065,750,69.76744186046511,79.28994082840237,65.33333333333333,40.243902439024396,82.66666666666667,90.9090909090909
G000600,Perez,D,WA,1427,746,34.51327433628318,53.768844221105525,58.55855855855856,51.0,43.288590604026844,73.46938775510205
P000605,Perry,R,PA,1412,1046,83.92857142857143,77.08333333333334,73.63636363636363,55.080213903743314,82.95081967213115,69.38775510204081
P000608,Peters,D,CA,1425,562,19.940476190476193,38.0,42.47787610619469,45.17766497461929,29.491525423728817,66.66666666666666
P000620,Pettersen,D,CO,1362,541,19.46107784431138,40.72164948453608,47.61904761904761,47.42268041237113,29.496402877697843,65.11627906976744
P000048,Pfluger,R,TX,1441,1118,79.1044776119403,82.0,80.53097345132744,53.233830845771145,83.66013071895425,77.08333333333334
P000616,Phillips,D,MN,843,379,24.11764705882353,38.125,54.54545454545454,62.99212598425197,29.84293193717277,89.47368421052632
P000597,Pingree,D,ME,1372,506,18.541033434650455,35.025380710659896,38.88888888888889,52.071005917159766,25.938566552901023,67.3469387755102
P000607,Pocan,D,WI,1390,500,20.12987012987013,31.65829145728643,39.04761904761905,46.464646464646464,24.333333333333336,66.66666666666666
P000618,Porter,D,CA,1042,371,17.153284671532848,33.9622641509434,41.0958904109589,49.36708860759494,24.528301886792452,85.71428571428571
P000599,Posey,R,FL,1146,901,86.08414239482201,85.29411764705883,79.72972972972973,54.11764705882353,85.65400843881856,91.66666666666666
P000617,Pressley,D,MA,1383,464,18.471337579617835,26.02040816326531,37.735849056603776,45.45454545454545,23.31081081081081,65.95744680851064
Q000023,Quigley,D,IL,1381,532,18.654434250764528,37.628865979381445,41.66666666666667,50.0,28.327645051194537,65.21739130434783
R000617,Ramirez,D,IL,1405,457,16.666666666666664,26.262626262626267,38.05309734513274,43.87755102040816,22.336769759450174,78.04878048780488
R000606,Raskin,D,MD,1432,541,20.64896755162242,36.68341708542713,41.5929203539823,45.5,27.181208053691275,66.66666666666666
R000610,Reschenthaler,R,PA,1442,1153,82.89085545722715,86.22448979591837,82.30088495575221,54.22885572139303,85.06493506493507,79.59183673469387
M001159,Rodgers (WA),R,WA,1119,846,74.91749174917491,80.12048192771084,83.33333333333334,54.21686746987952,82.81938325991189,91.30434782608695
R000575,Rogers (AL),R,AL,1414,1033,69.39393939393939,80.40201005025126,72.07207207207207,44.329896907216494,82.23684210526315,75.51020408163265
R000395,Rogers (KY),R,KY,1385,939,53.86904761904761,78.42105263157895,65.45454545454545,41.3265306122449,82.16783216783216,76.59574468085107
R000612,Rose,R,TN,1412,1100,80.35714285714286,81.21827411167513,81.08108108108108,55.38461538461539,84.22818791946308,73.46938775510205
R000103,Rosendale,R,MT,1172,827,83.33333333333334,77.14285714285715,63.41463414634146,50.887573964497044,78.36734693877551,68.0
R000305,Ross,D,NC,1424,542,18.694362017804153,37.37373737373738,44.24778761061947,45.27363184079602,27.054794520547947,69.56521739130434
R000603,Rouzer,R,NC,1444,1120,76.92307692307693,80.5,80.53097345132744,57.99999999999999,83.06188925081433,77.55102040816327
R000614,Roy,R,TX,1404,1010,83.08605341246292,76.53061224489795,67.2566371681416,56.18556701030928,81.41891891891892,55.81395348837209
R000599,Ruiz,D,CA,1432,567,20.178041543026705,39.48717948717949,42.98245614035088,46.766169154228855,28.999999999999996,67.3469387755102
R000576,Ruppersberger,D,MD,1107,433,18.181818181818183,33.90804597701149,48.10126582278481,57.615894039735096,27.510917030567683,87.5
R000609,Rutherford,R,FL,1414,1063,74.25149700598801,80.40201005025126,68.75,54.166666666666664,82.78145695364239,73.91304347826086
R000579,Ryan,D,NY,1442,615,21.301775147928996,43.0,46.49122807017544,45.77114427860697,34.42622950819672,69.38775510204081
S000168,Salazar,R,FL,1318,890,51.27388535031847,77.90055248618785,64.22018348623854,50.526315789473685,80.0,75.0
S001226,Salinas,D,OR,1436,584,20.42042042042042,41.20603015075377,50.0,46.766169154228855,29.47019867549669,67.3469387755102
S001156,Sanchez,D,CA,1423,529,19.174041297935105,35.714285714285715,40.707964601769916,46.1139896373057,25.838926174496645,67.3469387755102
S001222,Santos,R,NY,608,448,84.26395939086294,80.76923076923077,72.22222222222221,27.058823529411764,80.59701492537313,85.71428571428571
S001168,Sarbanes,D,MD,1141,423,18.48184818481848,33.92857142857143,44.44444444444444,51.4792899408284,26.80851063829787,86.95652173913044
S001176,Scalise,R,LA,1322,1035,80.41237113402062,78.77094972067039,80.55555555555556,58.88324873096447,84.45229681978799,77.27272727272727
S001205,Scanlon,D,PA,1386,526,21.38157894736842,35.714285714285715,39.473684210526315,47.0,27.73972602739726,66.66666666666666
S001145,Schakowsky,D,IL,1404,507,18.731117824773413,34.69387755102041,39.63963963963964,46.231155778894475,25.34722222222222,66.66666666666666
S001150,Schiff,D,CA,1125,440,19.269102990033225,36.52694610778443,43.42105263157895,53.37423312883436,28.510638297872344,88.0
S001190,Schneider,D,IL,1413,558,20.414201183431953,39.285714285714285,44.85981308411215,45.95959595959596,29.25170068027211,67.3469387755102
S001221,Scholten,D,MI,1432,608,20.238095238095237,45.68527918781726,46.902654867256636,46.26865671641791,32.56578947368421,69.38775510204081
S001216,Schrier,D,WA,1435,607,21.533923303834808,44.0,49.122807017543856,44.5,32.34323432343234,67.3913043478261
S001183,Schweikert,R,AZ,1434,1100,76.33136094674556,77.66497461928934,77.87610619469027,58.88324873096447,85.85526315789474,73.46938775510205
S000185,Scott (VA),D,VA,1446,534,18.58407079646018,37.5,42.10526315789473,45.5,25.573770491803277,67.3469387755102
S001189,"Scott, Austin",R,GA,1437,1060,66.27218934911244,79.5,75.43859649122807,52.26130653266332,84.38538205980066,75.51020408163265
S001157,"Scott, David",D,GA,1409,571,20.42042042042042,42.13197969543147,46.017699115044245,45.69892473118279,29.900332225913623,68.18181818181817
S001224,Self,R,TX,1432,1073,84.31952662721893,78.97435897435898,70.0,57.2139303482587,83.93442622950819,64.58333333333334
S000250,Sessions,R,TX,1392,1067,74.5928338762215,80.51282051282051,76.10619469026548,56.12244897959183,84.43708609271523,76.59574468085107
S001185,Sewell,D,AL,1363,531,20.12779552715655,37.91208791208791,40.74074074074074,46.666666666666664,29.553264604810998,67.3469387755102
S000344,Sherman,D,CA,1421,542,19.27710843373494,38.38383838383838,40.17857142857143,45.27363184079602,27.906976744186046,65.21739130434783
S001207,Sherrill,D,NJ,1226,495,19.74921630094044,37.7906976744186,48.75,54.037267080745345,31.851851851851855,66.66666666666666
S001148,Simpson,R,ID,1389,921,51.963746223564954,75.78947368421053,62.16216216216216,39.39393939393939,81.09965635738831,76.08695652173914
S001208,Slotkin,D,MI,1174,500,19.935691318327976,43.103448275862064,53.75,51.76470588235295,33.06122448979592,88.46153846153845
S001195,Smith (MO),R,MO,1408,1115,84.86646884272997,85.46511627906976,80.53097345132744,51.741293532338304,82.94314381270902,81.25
S001172,Smith (NE),R,NE,1406,1059,78.33827893175074,79.69543147208121,77.27272727272727,42.05128205128205,83.61204013377926,74.4186046511628
S000522,Smith (NJ),R,NJ,1416,1003,61.791044776119406,77.55102040816327,68.80733944954129,49.246231155778894,81.72757475083057,79.59183673469387
S000510,Smith (WA),D,WA,1425,541,19.230769230769234,36.18090452261307,42.47787610619469,47.87234042553192,27.722772277227726,69.38775510204081
S001199,Smucker,R,PA,1429,1098,78.33827893175074,80.3030303030303,77.19298245614034,56.49999999999999,81.72757475083057,73.91304347826086
S001225,Sorensen,D,IL,1392,613,22.807017543859647,46.0,48.24561403508772,46.766169154228855,34.20195439739413,69.38775510204081
S001200,Soto,D,FL,1444,596,20.414201183431953,43.0,46.902654867256636,46.26865671641791,32.02614379084967,65.95744680851064
S001209,Spanberger,D,VA,1168,494,18.58974358974359,39.884393063583815,54.32098765432099,53.84615384615385,33.19502074688796,92.0
S000929,Spartz,R,IN,1342,1026,79.93630573248409,81.57894736842105,79.0909090909091,54.59459459459459,82.51748251748252,75.0
S001218,Stansbury,D,NM,1410,529,18.80597014925373,36.54822335025381,41.07142857142857,46.15384615384615,26.20689655172414,67.3469387755102
S001211,Stanton,D,AZ,1424,593,20.710059171597635,42.857142857142854,48.24561403508772,44.72361809045226,31.879194630872483,66.66666666666666
S001212,Stauber,R,MN,1370,1056,81.11888111888112,83.16326530612244,78.0701754385965,44.44444444444444,83.4983498349835,81.25
S001135,Steel,R,CA,1165,797,60.77170418006431,79.42857142857143,64.63414634146342,43.452380952380956,80.49792531120332,92.3076923076923
S001196,Stefanik,R,NY,1393,1057,76.5432098765432,81.12244897959184,78.37837837837837,47.73869346733669,83.27645051194538,73.33333333333333
S001213,Steil,R,WI,1444,1086,73.37278106508876,80.40201005025126,74.56140350877193,50.5,82.95081967213115,75.51020408163265
S001214,Steube,R,FL,1319,1051,85.67164179104478,81.48148148148148,75.75757575757575,76.76056338028168,82.00692041522491,79.54545454545455
S001215,Stevens,D,MI,1446,570,20.943952802359885,38.69346733668342,43.859649122807014,46.26865671641791,29.545454545454547,64.58333333333334
S001192,Stewart,R,UT,350,235,85.71428571428571,79.6875,64.28571428571429,30.58823529411765,80.16528925619835,80.0
S001159,Strickland,D,WA,1424,548,20.058997050147493,37.185929648241206,44.24778761061947,44.221105527638194,28.999999999999996,67.3469387755102
S001220,Strong,R,AL,1432,1099,79.76190476190477,80.3030303030303,82.14285714285714,50.0,82.56578947368422,72.91666666666666
S001193,Swalwell,D,CA,1281,493,19.753086419753085,35.869565217391305,43.11926605504588,55.78231292517006,29.347826086956523,59.45945945945946
S001223,Sykes,D,OH,1412,566,20.77151335311573,41.53846153846154,48.24561403508772,45.95959595959596,28.135593220338983,64.44444444444444
T000472,Takano,D,CA,1434,516,18.34319526627219,34.84848484848485,39.823008849557525,44.776119402985074,25.91362126245847,67.3469387755102
T000478,Tenney,R,NY,1436,1113,79.1044776119403,81.81818181818183,77.19298245614034,51.741293532338304,84.91803278688525,75.51020408163265
T000488,Thanedar,D,MI,1446,569,20.588235294117645,39.0,43.36283185840708,45.77114427860697,28.664495114006517,65.95744680851064
T000460,Thompson (CA),D,CA,1442,567,19.174041297935105,37.37373737373738,43.859649122807014,47.76119402985074,28.75816993464052,66.66666666666666
T000193,Thompson (MS),D,MS,1412,522,17.91044776119403,36.597938144329895,40.54054054054054,45.0,27.946127946127948,65.21739130434783
T000467,Thompson (PA),R,PA,1442,1027,62.94117647058823,80.90452261306532,68.42105263157895,43.0,82.50825082508251,77.55102040816327
T000165,Tiffany,R,WI,1420,1111,86.86567164179104,82.56410256410255,74.54545454545455,55.72139303482587,84.10596026490066,81.25
T000480,Timmons,R,SC,1442,1150,83.82352941176471,84.34343434343434,80.53097345132744,58.70646766169154,84.21052631578947,81.63265306122449
T000468,Titus,D,NV,1357,542,19.817073170731707,41.48936170212766,53.2608695652174,46.7005076142132,28.125,67.3913043478261
T000481,Tlaib,D,MI,1407,455,16.61721068249258,26.08695652173913,38.05309734513274,44.0,21.95945945945946,66.66666666666666
T000487,Tokuda,D,HI,1438,532,19.526627218934912,36.5,40.707964601769916,45.77114427860697,25.901639344262296,67.3469387755102
T000469,Tonko,D,NY,1434,548,20.118343195266274,38.46153846153847,41.964285714285715,46.766169154228855,26.732673267326735,67.3469387755102
T000474,Torres (CA),D,CA,1436,561,20.414201183431953,38.19095477386934,43.24324324324324,46.26865671641791,28.618421052631575,66.66666666666666
T000486,Torres (NY),D,NY,1399,547,20.481927710843372,36.12565445026178,42.98245614035088,46.42857142857143,30.76923076923077,62.7906976744186
T000482,Trahan,D,MA,1416,544,19.526627218934912,37.68844221105528,43.36283185840708,47.71573604060914,27.85234899328859,66.66666666666666
T000483,Trone,D,MD,1020,378,17.627118644067796,32.592592592592595,45.07042253521127,50.0,30.392156862745097,85.0
T000463,Turner,R,OH,1358,905,47.5,75.25252525252525,61.46788990825688,43.90243902439025,81.66089965397923,77.08333333333334
U000040,Underwood,D,IL,1435,530,17.771084337349397,37.0,41.228070175438596,45.5,26.490066225165563,67.3469387755102
V000129,Valadao,R,CA,1422,939,46.44970414201183,78.57142857142857,62.16216216216216,39.698492462311556,81.69934640522875,77.55102040816327
V000133,Van Drew,R,NJ,1439,1130,83.08605341246292,83.24873096446701,75.43859649122807,55.50000000000001,84.640522875817,75.51020408163265
V000134,Van Duyne,R,TX,1440,1139,84.22619047619048,82.91457286432161,77.87610619469027,57.2139303482587,84.53947368421053,75.51020408163265
V000135,Van Orden,R,WI,1398,1019,72.89156626506023,78.57142857142857,73.45132743362832,44.5,81.93979933110369,77.08333333333334
V000130,Vargas,D,CA,1421,536,20.474777448071215,37.37373737373738,41.81818181818181,46.766169154228855,27.54098360655738,65.21739130434783
V000136,Vasquez,D,NM,1441,621,21.828908554572273,45.22613065326633,49.557522123893804,48.98989898989899,31.147540983606557,71.42857142857143
V000131,Veasey,D,TX,1433,558,19.1044776119403,38.69346733668342,44.642857142857146,42.28855721393035,30.693069306930692,66.66666666666666
V000081,Velazquez,D,NY,1401,498,18.34862385321101,32.142857142857146,40.17857142857143,46.192893401015226,24.149659863945576,68.75
W000812,Wagner,R,MO,1415,975,59.523809523809526,79.08163265306123,69.02654867256636,39.19597989949749,80.53691275167785,75.55555555555556
W000798,Walberg,R,MI,1435,1080,76.13293051359517,79.89949748743719,74.56140350877193,45.77114427860697,83.55263157894737,79.16666666666666
W000823,Waltz,R,FL,1073,832,80.53691275167785,85.54216867469879,74.68354430379746,45.08196721311475,85.26785714285714,86.95652173913044
W000797,Wasserman Schultz,D,FL,1431,555,19.642857142857142,39.0,41.44144144144144,45.876288659793815,30.263157894736842,65.3061224489796
W000187,Waters,D,CA,1393,493,17.365269461077844,34.375,39.09090909090909,46.8421052631579,24.915824915824917,66.66666666666666
W000822,Watson Coleman,D,NJ,1317,499,22.344322344322347,41.9753086419753,38.93805309734513,45.95959595959596,23.890784982935152,67.3469387755102
W000814,Weber (TX),R,TX,1424,1139,86.22754491017965,85.35353535353535,81.57894736842105,56.852791878172596,84.0,79.59183673469387
W000806,Webster (FL),R,FL,1406,1095,79.36507936507937,80.71065989847716,75.67567567567568,58.291457286432156,85.47854785478548,82.6086956521739
W000815,Wenstrup,R,OH,1169,873,75.08090614886731,80.92485549132948,77.21518987341773,49.112426035502956,81.14754098360656,92.3076923076923
W000821,Westerman,R,AR,1447,1117,80.29411764705883,82.41206030150754,79.82456140350878,50.74626865671642,82.6797385620915,77.55102040816327
W000825,Wexton,D,VA,969,356,18.503937007874015,29.71014492753623,44.285714285714285,50.0,27.80487804878049,88.23529411764706
W000826,Wild,D,PA,1124,471,21.153846153846153,41.717791411042946,53.086419753086425,52.5,30.08849557522124,86.36363636363636
W000788,Williams (GA),D,GA,1442,522,19.230769230769234,35.0,39.473684210526315,46.26865671641791,25.407166123778502,67.3469387755102
W000828,Williams (NY),R,NY,1099,737,60.322580645161295,81.89655172413794,62.96296296296296,36.470588235294116,80.59071729957806,88.46153846153845
W000816,Williams (TX),R,TX,1345,1088,87.31117824773413,86.1878453038674,82.52427184466019,56.54450261780105,83.57142857142857,77.27272727272727
W000808,Wilson (FL),D,FL,1249,450,18.83116883116883,35.75757575757576,37.37373737373738,46.1139896373057,26.848249027237355,66.66666666666666
W000795,Wilson (SC),R,SC,1412,1101,78.01204819277109,81.53846153846153,82.56880733944955,58.291457286432156,82.6086956521739,77.55102040816327
W000804,Wittman,R,VA,1423,1087,76.92307692307693,79.29292929292929,78.37837837837837,54.0,82.0,77.08333333333334
W000809,Womack,R,AR,1451,990,52.94117647058824,79.5,67.54385964912281,40.79601990049751,82.14285714285714,75.51020408163265
Y000067,Yakym,R,IN,1448,1116,78.82352941176471,80.0,78.94736842105263,56.99999999999999,81.43322475570032,77.55102040816327
Z000018,Zinke,R,MT,1416,1097,80.95238095238095,84.29319371727748,69.64285714285714,52.26130653266332,85.24590163934425,74.46808510638297
G000582,Gonzalez-Colon,R,XX,383,141,27.071823204419886,66.66666666666666,25.0,31.57894736842105,50.0,100.0
M001219,Moylan,R,XX,380,222,52.28758169934641,72.85714285714285,66.66666666666666,52.0,53.65853658536586,12.5
N000147,Norton,D,XX,572,135,6.018518518518518,14.634146341463413,21.818181818181817,50.0,30.0,0.0
P000610,Plaskett,D,XX,524,120,7.936507936507936,13.580246913580247,25.454545454545453,43.90243902439025,27.027027027027028,0.0
R000600,Radewagen,R,XX,220,110,47.11538461538461,68.75,65.0,39.02439024390244,50.0,0.0
S001177,Sablan,D,XX,413,107,5.511811023622047,13.432835820895523,20.0,52.991452991452995,27.906976744186046,0.0
M001227,McClellan,D,VA,1322,457,18.75,35.714285714285715,39.795918367346935,26.76056338028169,26.408450704225352,66.66666666666666
A000380,Amo,D,RI,838,333,26.89655172413793,37.39837398373984,41.17647058823529,27.380952380952383,29.651162790697676,63.888888888888886
M001228,Maloy,R,UT,793,638,74.64788732394366,86.4406779661017,82.75862068965517,63.095238095238095,87.13450292397661,75.0
S001201,Suozzi,D,NY,684,338,29.457364341085274,53.271028037383175,64.0,32.05128205128205,34.84848484848485,81.81818181818183
K000402,Kennedy,D,NY,589,225,20.47244094488189,44.827586206896555,52.17391304347826,19.718309859154928,30.8411214953271,50.0
F000480,Fong,R,CA,516,397,69.67213114754098,80.24691358024691,79.48717948717949,49.2063492063492,90.58823529411765,64.0
R000619,Rulli,R,OH,480,387,83.47107438016529,80.95238095238095,81.57894736842105,54.54545454545454,86.20689655172413,74.07407407407408
L000604,Lopez,R,CO,160,126,80.0,78.94736842105263,71.42857142857143,79.41176470588235,88.46153846153845,50.0
M001229,McIver,D,NJ,335,134,35.294117647058826,59.375,32.35294117647059,24.444444444444443,25.31645569620253,51.85185185185185
L000605,Lee Carter,D,TX,49,26,20.0,66.66666666666666,100.0,42.857142857142854,38.46153846153847,100.0
W000829,Wied,R,WI,320,274,87.87878787878788,78.57142857142857,82.35294117647058,75.55555555555556,86.8421052631579,84.0
A000381,Ansari,D,AZ,264,104,39.285714285714285,56.00000000000001,32.25806451612903,16.129032258064516,28.07017543859649,43.47826086956522
B001321,Barrett,R,MI,270,222,85.18518518518519,76.0,78.125,74.19354838709677,85.71428571428571,60.86956521739131
B001322,Baumgartner,R,WA,269,222,85.71428571428571,79.16666666666666,78.125,70.96774193548387,85.71428571428571,60.86956521739131
B001323,Begich,R,AK,269,227,85.71428571428571,76.0,84.375,74.19354838709677,88.33333333333333,69.56521739130434
B001324,Bell,D,MO,269,103,37.03703703703704,56.00000000000001,31.25,16.129032258064516,26.984126984126984,43.47826086956522
B001325,Biggs (SC),R,SC,272,222,85.71428571428571,64.0,78.125,83.87096774193549,87.3015873015873,69.56521739130434
B001327,Bresnahan,R,PA,270,217,85.18518518518519,84.0,65.625,58.06451612903226,85.48387096774194,60.86956521739131
B001326,Bynum,D,OR,270,113,35.714285714285715,60.0,31.25,19.35483870967742,32.25806451612903,43.47826086956522
C001123,Cisneros,D,CA,271,107,39.285714285714285,60.0,31.25,16.129032258064516,25.806451612903224,43.47826086956522
C001136,Conaway,D,NJ,267,111,35.714285714285715,64.0,29.03225806451613,16.129032258064516,31.666666666666664,43.47826086956522
C001137,Crank,R,CO,272,225,85.71428571428571,68.0,78.125,80.64516129032258,87.3015873015873,78.26086956521739
D000635,Dexter,D,OR,268,95,35.714285714285715,48.0,29.03225806451613,16.129032258064516,24.193548387096776,43.47826086956522
D000634,Downing,R,MT,271,222,85.71428571428571,72.0,75.0,77.41935483870968,87.3015873015873,65.21739130434783
E000301,Elfreth,D,MD,272,108,35.714285714285715,56.00000000000001,31.25,16.129032258064516,31.746031746031743,43.47826086956522
E000300,Evans (CO),R,CO,272,225,85.71428571428571,80.0,78.125,67.74193548387096,85.71428571428571,60.86956521739131
F000482,Fedorchak,R,ND,264,221,88.88888888888889,78.26086956521739,81.25,80.0,85.48387096774194,60.86956521739131
F000110,Fields,D,LA,270,108,35.714285714285715,62.5,34.375,16.666666666666664,28.57142857142857,43.47826086956522
F000481,Figures,D,AL,266,111,39.285714285714285,62.5,34.375,16.666666666666664,32.78688524590164,43.47826086956522
F000483,Friedman,D,CA,268,103,37.03703703703704,56.00000000000001,31.25,16.129032258064516,27.419354838709676,43.47826086956522
G000603,Gill (TX),R,TX,262,213,82.14285714285714,70.83333333333334,68.96551724137932,83.87096774193549,86.66666666666667,73.91304347826086
G000602,Gillen,D,NY,268,133,37.03703703703704,76.0,46.875,22.58064516129032,36.666666666666664,47.82608695652174
G000601,Goldman (TX),R,TX,272,225,85.71428571428571,76.0,75.0,83.87096774193549,85.71428571428571,65.21739130434783
G000604,Goodlander,D,NH,271,118,35.714285714285715,64.0,34.375,16.129032258064516,33.87096774193548,47.82608695652174
G000605,Gray,D,CA,256,137,41.66666666666667,72.0,62.5,25.925925925925924,40.98360655737705,45.0
H001098,Hamadeh (AZ),R,AZ,267,223,85.71428571428571,70.83333333333334,80.64516129032258,87.09677419354838,87.09677419354838,68.18181818181817
H001099,Haridopolos,R,FL,269,217,85.71428571428571,79.16666666666666,78.125,48.38709677419355,85.24590163934425,69.56521739130434
H001101,Harrigan,R,NC,266,211,85.71428571428571,64.0,68.75,77.41935483870968,86.88524590163934,65.21739130434783
H001102,Harris (NC),R,NC,272,220,85.71428571428571,60.0,78.125,77.41935483870968,85.71428571428571,69.56521739130434
H001100,Hurd (CO),R,CO,268,219,89.28571428571429,79.16666666666666,75.0,61.29032258064516,85.71428571428571,59.09090909090909
J000311,Jack,R,GA,272,226,85.71428571428571,80.0,78.125,64.51612903225806,87.3015873015873,73.91304347826086
J000310,Johnson (TX),D,TX,268,109,35.714285714285715,56.00000000000001,34.375,16.129032258064516,33.87096774193548,43.47826086956522
K000403,Kennedy (UT),R,UT,265,213,85.71428571428571,64.0,73.33333333333333,80.0,85.48387096774194,61.904761904761905
K000405,Knott,R,NC,269,214,85.71428571428571,66.66666666666666,67.74193548387096,74.19354838709677,85.48387096774194,65.21739130434783
L000606,Latimer,D,NY,269,108,39.285714285714285,56.00000000000001,31.25,16.129032258064516,30.64516129032258,43.47826086956522
L000607,Liccardo,D,CA,268,103,35.714285714285715,56.00000000000001,31.25,16.129032258064516,27.86885245901639,43.47826086956522
M001230,Mackenzie,R,PA,272,217,85.71428571428571,80.0,71.875,54.83870967741935,84.12698412698413,60.86956521739131
M001231,Mannion,D,NY,270,115,35.714285714285715,62.5,37.5,16.129032258064516,31.746031746031743,45.45454545454545
M001238,McBride,D,DE,270,109,35.714285714285715,60.0,31.25,16.129032258064516,32.25806451612903,43.47826086956522
M001232,McClain Delaney,D,MD,266,114,39.285714285714285,60.0,35.483870967741936,17.857142857142858,31.746031746031743,43.47826086956522
M001237,McDonald Rivet,D,MI,272,128,35.714285714285715,76.0,40.625,22.58064516129032,33.33333333333333,47.82608695652174
M001240,McDowell,R,NC,269,221,85.71428571428571,79.16666666666666,75.0,61.29032258064516,87.09677419354838,73.91304347826086
M001239,McGuire,R,VA,269,221,82.14285714285714,66.66666666666666,78.125,77.41935483870968,87.3015873015873,82.6086956521739
M001233,Messmer,R,IN,260,215,85.71428571428571,83.33333333333334,77.41935483870968,68.96551724137932,85.71428571428571,57.89473684210527
M001241,Min,D,CA,271,115,35.714285714285715,64.0,35.483870967741936,16.129032258064516,26.984126984126984,43.47826086956522
M001236,Moore (NC),R,NC,271,228,85.18518518518519,76.0,78.125,77.41935483870968,87.3015873015873,69.56521739130434
M001235,Moore (WV),R,WV,270,217,85.71428571428571,70.83333333333334,81.25,58.06451612903226,88.70967741935483,60.86956521739131
M001234,Morrison,D,MN,270,105,35.714285714285715,56.00000000000001,31.25,16.129032258064516,30.64516129032258,43.47826086956522
O000176,Olszewski,D,MD,271,106,35.714285714285715,56.00000000000001,31.25,16.129032258064516,30.158730158730158,43.47826086956522
O000177,Onder,R,MO,260,218,85.18518518518519,65.21739130434783,87.09677419354838,89.28571428571429,85.48387096774194,73.91304347826086
P000621,Pou,D,NJ,272,110,35.714285714285715,60.0,31.25,16.129032258064516,30.158730158730158,47.82608695652174
R000621,Randall,D,WA,257,94,37.5,54.54545454545454,25.806451612903224,16.666666666666664,24.193548387096776,43.47826086956522
R000622,Riley (NY),D,NY,261,113,39.285714285714285,72.72727272727273,34.375,13.793103448275861,32.25806451612903,47.82608695652174
R000620,Rivas,D,CA,269,101,37.03703703703704,56.00000000000001,28.125,16.129032258064516,26.229508196721312,43.47826086956522
S001228,Schmidt,R,KS,268,224,85.71428571428571,79.16666666666666,78.125,83.87096774193549,86.66666666666667,69.56521739130434
S001229,Shreve,R,IN,267,225,85.18518518518519,80.0,76.66666666666667,83.33333333333334,87.09677419354838,60.86956521739131
S001231,Simon,D,CA,263,95,35.714285714285715,52.0,28.125,16.129032258064516,24.561403508771928,43.47826086956522
S001188,Stutzman,R,IN,267,225,85.18518518518519,76.0,77.41935483870968,87.09677419354838,85.48387096774194,71.42857142857143
S001230,Subramanyam,D,VA,269,109,39.285714285714285,58.333333333333336,31.25,16.129032258064516,30.64516129032258,40.909090909090914
T000490,Taylor,R,OH,272,226,85.71428571428571,80.0,81.25,64.51612903225806,85.71428571428571,69.56521739130434
T000491,Tran,D,CA,272,117,35.714285714285715,64.0,31.25,16.129032258064516,33.33333333333333,47.82608695652174
T000489,Turner (TX),D,TX,54,30,66.66666666666666,25.0,50.0,33.33333333333333,33.33333333333333,66.66666666666666
V000138,Vindman,D,VA,268,121,35.714285714285715,64.0,40.625,19.35483870967742,35.0,47.82608695652174
W000830,Whitesides,D,CA,260,116,37.03703703703704,72.0,38.70967741935484,13.793103448275861,33.87096774193548,47.61904761904761
H001103,Hernandez,D,XX,40,4,0.0,0.0,16.666666666666664,0.0,25.0,0.0
K000404,King-Hinds,R,XX,31,10,0.0,100.0,44.44444444444444,12.5,0.0,0.0
F000484,Fine,R,FL,186,153,84.21052631578947,68.42105263157895,74.07407407407408,79.16666666666666,100.0,75.0
P000622,Patronis,R,FL,187,150,84.21052631578947,68.42105263157895,74.07407407407408,58.333333333333336,100.0,75.0
W000831,Walkinshaw,D,VA,37,7,40.0,100.0,11.11111111111111,0.0,0.0,66.66666666666666
